{"stat.pickup.minecraft.sand":4,"stat.walkOneCm":40402,"stat.useItem.tnpmenu.cheesewedge":1,"stat.leaveGame":11,"stat.damageTaken":360,"stat.drop.tnpmenu.magiccheese":4,"stat.pickup.tnpmenu.cheesewedge":1,"stat.flyOneCm":936,"stat.drop":10,"stat.swimOneCm":1205,"stat.jump":67,"stat.mineBlock.minecraft.sand":104,"stat.playOneMinute":59692,"stat.fallOneCm":12439,"stat.sneakTime":11,"stat.pickup.tnpmenu.tutorialitem":1,"stat.timeSinceDeath":59692,"stat.useItem.tnpmenu.magiccheese":1,"stat.pickup.tnpmenu.magiccheese":4,"stat.mineBlock.minecraft.dirt":8,"stat.useItem.minecraft.stone_slab2":5,"stat.drop.tnpmenu.tutorialitem":3,"stat.mineBlock.minecraft.tallgrass":4,"stat.drop.tnpmenu.cheesewedge":2}